N,Q,bigfrag,averagefrag,critical_index
512,102960.19103201757,0.15328521679910745,8.459891185639167,9
768,152840.27626832537,0.23495966249016273,11.86392620336339,12
1024,213560.25448656696,0.167601228859592,9.506699338455789,9
2048,473887.20109548897,0.06484373158090238,11.57410072979071,4
