N,Q,bigfrag,averagefrag,critical_index
512,435256.21940966655,0.16502349769840677,8.643854904456532,5
1024,1148264.2327792791,0.03608362695402722,5.301614543134175,1
2048,2688643.5383718694,0.013755706593684986,3.4303005989781505,1
