N,Q,bigfrag,averagefrag,critical_index
512,1987.134091178943,0.3006208469325426,11.469446532654446,7
768,2946.622283365865,0.2653813651021447,13.858532773675352,5
1024,3967.1254638390533,0.267609744485674,15.645287023831356,11
2048,7759.170615009072,0.2489598239188017,38.247469007068155,5
4096,16864.97683414116,0.18426892345986653,28.559543046437295,15
