N,Q,bigfrag,averagefrag,critical_index
512,7242.12543602338,0.2899125873247993,8.628458915942801,12
768,11453.472737732804,0.25759909760630895,9.604100553976934,18
1024,15654.687274491444,0.20905307089656924,11.130025628877343,16
2048,33670.35554073015,0.12829179849228925,11.805608729121877,15
4096,64584.43768153243,0.11154057214013546,22.279592280575525,20
