N,Q,bigfrag,averagefrag,critical_index
512,40026.63245486973,0.2177885740163858,9.65594431511388,2
768,61880.26355587318,0.158188210577811,8.327921602210457,11
1024,81323.42791404476,0.16412295791628312,10.40821484349902,7
2048,168843.77467279817,0.09565508832429,13.757015702779839,11
4096,335256.9825684895,0.1225971172277277,27.353400966337556,9
